INSERT INTO customers (customer_id, full_name, email, phone, city, customer_segment, created_at, cltv) VALUES
(1, 'Amit Sharma', 'amit.sharma@email.com', '9876543210', 'Delhi', 'Retail', '2023-01-15', 55000.00),
(2, 'Priya Mehta', 'priya.mehta@email.com', '9876500001', 'Mumbai', 'Retail', '2023-02-20', 43000.00),
(3, 'Ravi Kumar', 'ravi.kumar@email.com', '9898123456', 'Chennai', 'Online', '2023-03-10', 72000.00),
(4, 'Sneha Patel', 'sneha.patel@email.com', '9000012345', 'Ahmedabad', 'Retail', '2023-03-15', 61000.00),
(5, 'Vikram Singh', 'vikram.singh@email.com', '9500023456', 'Lucknow', 'Online', '2023-04-01', 59000.00),
(6, 'Kiran Das', 'kiran.das@email.com', '9800034567', 'Kolkata', 'Retail', '2023-04-18', 48000.00),
(7, 'Nisha Reddy', 'nisha.reddy@email.com', '9700045678', 'Hyderabad', 'Online', '2023-05-10', 67000.00),
(8, 'Rajesh Gupta', 'rajesh.gupta@email.com', '9600056789', 'Bengaluru', 'Retail', '2023-05-25', 73000.00),
(9, 'Deepika Nair', 'deepika.nair@email.com', '9900067890', 'Chennai', 'Online', '2023-06-05', 45000.00),
(10, 'Arjun Yadav', 'arjun.yadav@email.com', '9990078901', 'Delhi', 'Retail', '2023-06-20', 64000.00),
(11, 'Pooja Singh', 'pooja.singh@email.com', '9876509876', 'Mumbai', 'Online', '2023-07-05', 52000.00),
(12, 'Karthik Iyer', 'karthik.iyer@email.com', '9789056789', 'Bengaluru', 'Retail', '2023-07-12', 70000.00),
(13, 'Anjali Verma', 'anjali.verma@email.com', '9789043210', 'Delhi', 'Retail', '2023-07-18', 55000.00),
(14, 'Suresh Menon', 'suresh.menon@email.com', '9789034567', 'Kochi', 'Online', '2023-07-25', 47000.00),
(15, 'Maya Rao', 'maya.rao@email.com', '9789023456', 'Hyderabad', 'Retail', '2023-08-02', 68000.00),
(16, 'Rohan Joshi', 'rohan.joshi@email.com', '9789012345', 'Pune', 'Online', '2023-08-10', 62000.00),
(17, 'Lakshmi Pillai', 'lakshmi.pillai@email.com', '9789001234', 'Kolkata', 'Retail', '2023-08-18', 41000.00),
(18, 'Harsh Thakur', 'harsh.thakur@email.com', '9788990123', 'Delhi', 'Online', '2023-08-25', 53000.00),
(19, 'Meena Jain', 'meena.jain@email.com', '9788989012', 'Ahmedabad', 'Retail', '2023-09-01', 49000.00),
(20, 'Vivek Rao', 'vivek.rao@email.com', '9788978901', 'Hyderabad', 'Online', '2023-09-08', 67000.00),
(21, 'Simran Kaur', 'simran.kaur@email.com', '9788967890', 'Chandigarh', 'Retail', '2023-09-15', 51000.00),
(22, 'Abhishek Das', 'abhishek.das@email.com', '9788956789', 'Kolkata', 'Online', '2023-09-22', 60000.00),
(23, 'Tanya Gupta', 'tanya.gupta@email.com', '9788945678', 'Mumbai', 'Retail', '2023-09-29', 45000.00),
(24, 'Manoj Reddy', 'manoj.reddy@email.com', '9788934567', 'Hyderabad', 'Online', '2023-10-05', 71000.00),
(25, 'Divya Nair', 'divya.nair@email.com', '9788923456', 'Chennai', 'Retail', '2023-10-10', 54000.00),
(26, 'Arvind Singh', 'arvind.singh@email.com', '9788912345', 'Delhi', 'Online', '2023-10-15', 68000.00),
(27, 'Rekha Sharma', 'rekha.sharma@email.com', '9788901234', 'Lucknow', 'Retail', '2023-10-20', 49000.00),
(28, 'Nitin Patel', 'nitin.patel@email.com', '9788890123', 'Ahmedabad', 'Online', '2023-10-25', 57000.00),
(29, 'Sonal Mehta', 'sonal.mehta@email.com', '9788889012', 'Mumbai', 'Retail', '2023-11-01', 46000.00),
(30, 'Ajay Kumar', 'ajay.kumar@email.com', '9788878901', 'Delhi', 'Online', '2023-11-05', 63000.00),
(31, 'Kavita Iyer', 'kavita.iyer@email.com', '9788867890', 'Bengaluru', 'Retail', '2023-11-10', 49000.00),
(32, 'Rahul Nair', 'rahul.nair@email.com', '9788856789', 'Chennai', 'Online', '2023-11-15', 71000.00),
(33, 'Shreya Patel', 'shreya.patel@email.com', '9788845678', 'Ahmedabad', 'Retail', '2023-11-20', 43000.00),
(34, 'Gaurav Joshi', 'gaurav.joshi@email.com', '9788834567', 'Pune', 'Online', '2023-11-25', 52000.00),
(35, 'Snehal Shah', 'snehal.shah@email.com', '9788823456', 'Mumbai', 'Retail', '2023-12-01', 69000.00),
(36, 'Aditya Verma', 'aditya.verma@email.com', '9788812345', 'Delhi', 'Online', '2023-12-05', 61000.00),
(37, 'Pallavi Nair', 'pallavi.nair@email.com', '9788801234', 'Chennai', 'Retail', '2023-12-10', 47000.00),
(38, 'Vijay Reddy', 'vijay.reddy@email.com', '9788790123', 'Hyderabad', 'Online', '2023-12-15', 72000.00),
(39, 'Anita Gupta', 'anita.gupta@email.com', '9788789012', 'Kolkata', 'Retail', '2023-12-20', 51000.00),
(40, 'Rakesh Kumar', 'rakesh.kumar@email.com', '9788778901', 'Delhi', 'Online', '2023-12-25', 63000.00),
(41, 'Monika Yadav', 'monika.yadav@email.com', '9788767890', 'Lucknow', 'Retail', '2024-01-02', 45000.00),
(42, 'Sanjay Mehta', 'sanjay.mehta@email.com', '9788756789', 'Mumbai', 'Online', '2024-01-08', 52000.00),
(43, 'Reena Nair', 'reena.nair@email.com', '9788745678', 'Chennai', 'Retail', '2024-01-12', 56000.00),
(44, 'Ashok Patel', 'ashok.patel@email.com', '9788734567', 'Ahmedabad', 'Online', '2024-01-18', 70000.00),
(45, 'Bhavna Sharma', 'bhavna.sharma@email.com', '9788723456', 'Delhi', 'Retail', '2024-01-25', 49000.00),
(46, 'Chetan Rao', 'chetan.rao@email.com', '9788712345', 'Hyderabad', 'Online', '2024-02-01', 71000.00),
(47, 'Smita Iyer', 'smita.iyer@email.com', '9788701234', 'Bengaluru', 'Retail', '2024-02-05', 54000.00),
(48, 'Naresh Menon', 'naresh.menon@email.com', '9788690123', 'Kochi', 'Online', '2024-02-10', 46000.00),
(49, 'Asha Verma', 'asha.verma@email.com', '9788689012', 'Mumbai', 'Retail', '2024-02-15', 50000.00),
(50, 'Dinesh Kumar', 'dinesh.kumar@email.com', '9788678901', 'Delhi', 'Online', '2024-02-20', 65000.00);


INSERT INTO stores (store_id, store_name, city, region) VALUES
(1, 'Urban Mart', 'Mumbai', 'West'),
(2, 'City Hub', 'Delhi', 'North'),
(3, 'Mega Store', 'Bengaluru', 'South'),
(4, 'Retail World', 'Chennai', 'South'),
(5, 'Shop Central', 'Hyderabad', 'South'),
(6, 'QuickBuy', 'Pune', 'West'),
(7, 'SuperShop', 'Kolkata', 'East'),
(8, 'ValueZone', 'Ahmedabad', 'West'),
(9, 'Budget Bazaar', 'Jaipur', 'North'),
(10, 'MetroMall', 'Lucknow', 'North');


INSERT INTO products (product_id, product_name, category, price, discount_pct, avg_rating, stock_qty) VALUES
-- Electronics (1–10)
(1, 'Wireless Mouse', 'Electronics', 599.00, 10, 4.5, 120),
(2, 'Bluetooth Headphones', 'Electronics', 1299.00, 15, 4.3, 80),
(3, 'Laptop Backpack', 'Electronics', 899.00, 5, 4.2, 150),
(4, 'LED Monitor 24 Inch', 'Electronics', 9999.00, 8, 4.6, 40),
(5, 'Smart Watch', 'Electronics', 5999.00, 10, 4.7, 60),
(6, 'USB-C Adapter', 'Electronics', 399.00, 12, 4.1, 200),
(7, 'Portable Speaker', 'Electronics', 2499.00, 15, 4.4, 90),
(8, 'Power Bank 10000mAh', 'Electronics', 1199.00, 5, 4.3, 110),
(9, 'Wireless Keyboard', 'Electronics', 1499.00, 10, 4.2, 130),
(10, 'Noise Cancelling Headphones', 'Electronics', 4999.00, 20, 4.6, 50),

-- Home & Kitchen (11–20)
(11, 'Electric Kettle', 'Home & Kitchen', 999.00, 15, 4.4, 90),
(12, 'Mixer Grinder', 'Home & Kitchen', 2499.00, 10, 4.5, 70),
(13, 'Water Bottle', 'Home & Kitchen', 299.00, 20, 4.1, 300),
(14, 'Non-Stick Pan', 'Home & Kitchen', 799.00, 12, 4.2, 140),
(15, 'Dinner Set 24 Pcs', 'Home & Kitchen', 3499.00, 18, 4.5, 60),
(16, 'Table Lamp', 'Home & Kitchen', 899.00, 10, 4.0, 100),
(17, 'Vacuum Cleaner', 'Home & Kitchen', 4499.00, 15, 4.3, 50),
(18, 'Air Fryer', 'Home & Kitchen', 6999.00, 8, 4.6, 45),
(19, 'Microwave Oven', 'Home & Kitchen', 9999.00, 12, 4.5, 30),
(20, 'Toaster', 'Home & Kitchen', 1299.00, 10, 4.1, 85),

-- Sports (21–30)
(21, 'Cricket Bat', 'Sports', 2499.00, 5, 4.4, 60),
(22, 'Football', 'Sports', 999.00, 10, 4.3, 100),
(23, 'Tennis Racket', 'Sports', 1999.00, 8, 4.2, 80),
(24, 'Yoga Mat', 'Sports', 799.00, 12, 4.3, 120),
(25, 'Dumbbell Set', 'Sports', 2999.00, 10, 4.5, 70),
(26, 'Running Shoes', 'Sports', 2499.00, 10, 4.4, 90),
(27, 'Skipping Rope', 'Sports', 299.00, 15, 4.1, 150),
(28, 'Fitness Tracker', 'Sports', 3999.00, 10, 4.6, 65),
(29, 'Gym Bag', 'Sports', 1499.00, 8, 4.3, 100),
(30, 'Sports Towel', 'Sports', 499.00, 10, 4.0, 180),

-- Furniture (31–40)
(31, 'Office Chair', 'Furniture', 5499.00, 18, 4.5, 35),
(32, 'Study Table', 'Furniture', 4499.00, 12, 4.4, 40),
(33, 'Bookshelf', 'Furniture', 2999.00, 15, 4.3, 45),
(34, 'Sofa Set 3 Seater', 'Furniture', 15999.00, 20, 4.6, 25),
(35, 'Coffee Table', 'Furniture', 3499.00, 10, 4.2, 30),
(36, 'TV Stand', 'Furniture', 4999.00, 8, 4.3, 30),
(37, 'Wardrobe', 'Furniture', 12999.00, 10, 4.5, 20),
(38, 'Dining Table Set', 'Furniture', 17999.00, 15, 4.7, 15),
(39, 'Recliner Chair', 'Furniture', 8999.00, 12, 4.6, 20),
(40, 'Bed Frame', 'Furniture', 13999.00, 10, 4.5, 18),

-- Fashion (41–50)
(41, 'Men T-Shirt', 'Fashion', 699.00, 15, 4.2, 200),
(42, 'Women Kurti', 'Fashion', 999.00, 10, 4.3, 180),
(43, 'Jeans Men', 'Fashion', 1499.00, 12, 4.4, 150),
(44, 'Saree', 'Fashion', 2499.00, 20, 4.5, 130),
(45, 'Men Formal Shirt', 'Fashion', 1299.00, 10, 4.1, 170),
(46, 'Women Top', 'Fashion', 899.00, 12, 4.2, 160),
(47, 'Jacket Unisex', 'Fashion', 2999.00, 10, 4.5, 100),
(48, 'Sneakers', 'Fashion', 3499.00, 15, 4.6, 120),
(49, 'Handbag', 'Fashion', 1999.00, 10, 4.4, 90),
(50, 'Belt Leather', 'Fashion', 799.00, 8, 4.2, 140),

-- Accessories (51–60)
(51, 'Wrist Watch', 'Accessories', 2999.00, 10, 4.5, 100),
(52, 'Sunglasses', 'Accessories', 1499.00, 15, 4.3, 120),
(53, 'Wallet', 'Accessories', 999.00, 10, 4.2, 140),
(54, 'Cap', 'Accessories', 499.00, 12, 4.1, 180),
(55, 'Scarf', 'Accessories', 799.00, 15, 4.3, 160),
(56, 'Earrings', 'Accessories', 599.00, 10, 4.5, 130),
(57, 'Necklace', 'Accessories', 1299.00, 12, 4.4, 90),
(58, 'Backpack', 'Accessories', 2499.00, 10, 4.6, 100),
(59, 'Travel Bag', 'Accessories', 3999.00, 15, 4.4, 80),
(60, 'Smart Glasses', 'Accessories', 5999.00, 10, 4.7, 40);



INSERT INTO orders (order_id, customer_id, store_id, order_date, sale_event) VALUES
(1, 1, 2, '2024-01-05', 'New Year Sale'),
(2, 3, 1, '2024-01-10', 'Republic Day Sale'),
(3, 5, 4, '2024-01-15', 'Winter Clearance'),
(4, 2, 6, '2024-01-20', 'Flash Sale'),
(5, 8, 3, '2024-01-25', 'New Launch Offer'),
(6, 7, 5, '2024-02-01', 'Valentine Sale'),
(7, 10, 8, '2024-02-05', 'Mega Discount Week'),
(8, 4, 9, '2024-02-10', 'Super Saver Week'),
(9, 9, 2, '2024-02-15', 'Clearance Sale'),
(10, 6, 1, '2024-02-20', 'End of Season Sale'),
(11, 12, 4, '2024-03-01', 'Holi Offer'),
(12, 15, 5, '2024-03-03', 'Weekend Offer'),
(13, 11, 10, '2024-03-05', 'Mega Festival'),
(14, 14, 7, '2024-03-10', 'Women’s Day Sale'),
(15, 13, 9, '2024-03-15', 'Flash Sale'),
(16, 17, 6, '2024-03-20', 'March Madness'),
(17, 18, 2, '2024-03-25', 'Clearance Sale'),
(18, 20, 8, '2024-04-01', 'Summer Kickoff'),
(19, 19, 3, '2024-04-05', 'Summer Sale'),
(20, 16, 7, '2024-04-10', 'Online Exclusive'),
(21, 21, 5, '2024-04-15', 'Mid-Month Sale'),
(22, 22, 4, '2024-04-20', 'Big Bazaar Days'),
(23, 23, 1, '2024-04-25', 'Mega Discount Week'),
(24, 24, 3, '2024-05-01', 'Summer Splash'),
(25, 25, 9, '2024-05-05', 'Flash Friday'),
(26, 26, 8, '2024-05-10', 'Hot Deals Week'),
(27, 27, 7, '2024-05-15', 'End of Season Sale'),
(28, 28, 2, '2024-05-20', 'Super Weekend'),
(29, 29, 6, '2024-05-25', 'Summer Carnival'),
(30, 30, 1, '2024-06-01', 'Father’s Day Offer'),
(31, 31, 5, '2024-06-05', 'June Joy'),
(32, 32, 10, '2024-06-10', 'Flash Sale'),
(33, 33, 3, '2024-06-15', 'Rainy Offer'),
(34, 34, 4, '2024-06-20', 'Monsoon Mega Sale'),
(35, 35, 9, '2024-06-25', 'Weekend Rush'),
(36, 36, 2, '2024-07-01', 'Independence Offer'),
(37, 37, 7, '2024-07-05', 'Online Special'),
(38, 38, 1, '2024-07-10', 'Freedom Sale'),
(39, 39, 6, '2024-07-15', 'July Fest'),
(40, 40, 8, '2024-07-20', 'Super Saver Week'),
(41, 41, 5, '2024-07-25', 'End of Season'),
(42, 42, 9, '2024-08-01', 'Raksha Bandhan Offer'),
(43, 43, 3, '2024-08-05', 'Freedom Bonanza'),
(44, 44, 10, '2024-08-10', 'Big Freedom Sale'),
(45, 45, 7, '2024-08-15', 'Independence Day'),
(46, 46, 2, '2024-08-20', 'Clearance Week'),
(47, 47, 6, '2024-08-25', 'Festive Start'),
(48, 48, 4, '2024-09-01', 'Ganesh Chaturthi Sale'),
(49, 49, 1, '2024-09-05', 'September Offer'),
(50, 50, 8, '2024-09-10', 'Early Festive Deal'),
(51, 1, 9, '2024-09-15', 'Flash Friday'),
(52, 2, 10, '2024-09-20', 'Deal Days'),
(53, 3, 7, '2024-09-25', 'Weekend Bonanza'),
(54, 4, 3, '2024-10-01', 'October Fest'),
(55, 5, 2, '2024-10-05', 'Pre-Diwali Sale'),
(56, 6, 5, '2024-10-10', 'Diwali Bonanza'),
(57, 7, 4, '2024-10-15', 'Festive Frenzy'),
(58, 8, 6, '2024-10-20', 'Diwali Dhamaka'),
(59, 9, 1, '2024-10-25', 'Mega Diwali Week'),
(60, 10, 8, '2024-11-01', 'Post Diwali Sale'),
(61, 11, 9, '2024-11-05', 'Winter Warm-Up'),
(62, 12, 10, '2024-11-10', 'Festive Clearance'),
(63, 13, 2, '2024-11-15', 'November Deals'),
(64, 14, 3, '2024-11-20', 'Flash Fest'),
(65, 15, 7, '2024-11-25', 'Winter Festival'),
(66, 16, 4, '2024-12-01', 'Christmas Week'),
(67, 17, 6, '2024-12-05', 'Holiday Sale'),
(68, 18, 8, '2024-12-10', 'Christmas Deals'),
(69, 19, 9, '2024-12-15', 'New Year Offer'),
(70, 20, 1, '2024-12-20', 'Year End Clearance'),
(71, 21, 2, '2025-01-05', 'New Year Sale'),
(72, 22, 5, '2025-01-10', 'Republic Day Offer'),
(73, 23, 4, '2025-01-15', 'January Fest'),
(74, 24, 7, '2025-01-20', 'Big Deals Week'),
(75, 25, 3, '2025-01-25', 'Winter Offer'),
(76, 26, 9, '2025-02-01', 'Valentine Sale'),
(77, 27, 1, '2025-02-05', 'Love Week'),
(78, 28, 8, '2025-02-10', 'Super Saver Week'),
(79, 29, 10, '2025-02-15', 'End of Season Sale'),
(80, 30, 2, '2025-02-20', 'Flash Deal Day'),
(81, 31, 6, '2025-03-01', 'Holi Special'),
(82, 32, 5, '2025-03-05', 'Spring Offers'),
(83, 33, 3, '2025-03-10', 'Festival Deals'),
(84, 34, 9, '2025-03-15', 'March Sale'),
(85, 35, 8, '2025-03-20', 'Discount Fiesta'),
(86, 36, 7, '2025-03-25', 'Mega Sale'),
(87, 37, 4, '2025-04-01', 'April Offer'),
(88, 38, 1, '2025-04-05', 'April Madness'),
(89, 39, 6, '2025-04-10', 'Flash Offer'),
(90, 40, 2, '2025-04-15', 'Super April Sale'),
(91, 41, 5, '2025-04-20', 'Mega Deals Week'),
(92, 42, 10, '2025-04-25', 'End of Season'),
(93, 43, 3, '2025-05-01', 'Summer Start'),
(94, 44, 8, '2025-05-05', 'Hot Summer Sale'),
(95, 45, 4, '2025-05-10', 'Flash Friday'),
(96, 46, 7, '2025-05-15', 'Summer Delight'),
(97, 47, 9, '2025-05-20', 'End of Season Sale'),
(98, 48, 6, '2025-05-25', 'Final Clearance'),
(99, 49, 5, '2025-05-30', 'Weekend Sale'),
(100, 50, 1, '2025-06-01', 'June Festival');


INSERT INTO order_items (order_item_id, order_id, product_id, quantity, unit_price, discount_pct, final_amount) VALUES
(1, 1, 10, 2, 999.00, 10, 1798.20),
(2, 1, 15, 1, 450.00, 5, 427.50),
(3, 2, 7, 3, 799.00, 15, 2037.15),
(4, 2, 22, 1, 1499.00, 20, 1199.20),
(5, 3, 9, 2, 650.00, 0, 1300.00),
(6, 3, 11, 1, 299.00, 5, 284.05),
(7, 4, 6, 5, 250.00, 10, 1125.00),
(8, 5, 19, 2, 1099.00, 15, 1868.30),
(9, 5, 27, 1, 799.00, 0, 799.00),
(10, 6, 8, 3, 350.00, 5, 997.50),
(11, 6, 14, 1, 999.00, 10, 899.10),
(12, 7, 5, 4, 199.00, 0, 796.00),
(13, 8, 24, 2, 1599.00, 15, 2718.30),
(14, 8, 3, 1, 1200.00, 5, 1140.00),
(15, 9, 16, 3, 650.00, 10, 1755.00),
(16, 10, 1, 2, 499.00, 0, 998.00),
(17, 11, 30, 1, 3499.00, 25, 2624.25),
(18, 12, 12, 2, 899.00, 10, 1618.20),
(19, 13, 28, 1, 1499.00, 5, 1424.05),
(20, 14, 4, 3, 299.00, 0, 897.00),
(21, 15, 25, 2, 2499.00, 20, 3998.40),
(22, 16, 31, 1, 999.00, 10, 899.10),
(23, 17, 32, 1, 850.00, 15, 722.50),
(24, 18, 17, 3, 699.00, 5, 1992.15),
(25, 19, 20, 2, 1299.00, 10, 2338.20),
(26, 20, 13, 1, 299.00, 0, 299.00),
(27, 21, 33, 4, 149.00, 0, 596.00),
(28, 22, 40, 2, 2499.00, 20, 3998.40),
(29, 23, 9, 3, 650.00, 10, 1755.00),
(30, 24, 38, 1, 1999.00, 15, 1699.15),
(31, 25, 14, 2, 999.00, 5, 1898.10),
(32, 26, 29, 1, 1199.00, 0, 1199.00),
(33, 27, 10, 3, 999.00, 10, 2697.30),
(34, 28, 21, 1, 1799.00, 10, 1619.10),
(35, 29, 27, 2, 799.00, 5, 1518.10),
(36, 30, 36, 4, 349.00, 0, 1396.00),
(37, 31, 37, 2, 649.00, 10, 1167.00),
(38, 32, 35, 3, 899.00, 0, 2697.00),
(39, 33, 45, 1, 2499.00, 15, 2124.15),
(40, 34, 50, 1, 3499.00, 25, 2624.25),
(41, 35, 18, 2, 699.00, 10, 1258.20),
(42, 36, 2, 5, 299.00, 0, 1495.00),
(43, 37, 6, 3, 250.00, 5, 712.50),
(44, 38, 48, 1, 2799.00, 10, 2519.10),
(45, 39, 51, 2, 1199.00, 5, 2278.10),
(46, 40, 53, 1, 1599.00, 10, 1439.10),
(47, 41, 55, 2, 899.00, 0, 1798.00),
(48, 42, 56, 3, 749.00, 5, 2135.25),
(49, 43, 57, 1, 599.00, 0, 599.00),
(50, 44, 58, 2, 349.00, 10, 628.20),
(51, 45, 59, 1, 299.00, 0, 299.00),
(52, 46, 60, 2, 699.00, 5, 1328.10),
(53, 47, 44, 1, 2499.00, 10, 2249.10),
(54, 48, 46, 3, 999.00, 15, 2547.15),
(55, 49, 43, 1, 1899.00, 20, 1519.20),
(56, 50, 42, 2, 1299.00, 5, 2468.10),
(57, 51, 41, 1, 1599.00, 10, 1439.10),
(58, 52, 39, 3, 1199.00, 0, 3597.00),
(59, 53, 38, 1, 1999.00, 5, 1899.05),
(60, 54, 37, 2, 649.00, 10, 1167.00),
(61, 55, 36, 1, 349.00, 0, 349.00),
(62, 56, 35, 2, 899.00, 10, 1618.20),
(63, 57, 34, 3, 499.00, 5, 1422.15),
(64, 58, 33, 1, 149.00, 0, 149.00),
(65, 59, 32, 4, 850.00, 10, 3060.00),
(66, 60, 31, 2, 999.00, 5, 1898.10),
(67, 61, 30, 3, 3499.00, 25, 7872.75),
(68, 62, 29, 1, 1199.00, 10, 1079.10),
(69, 63, 28, 2, 1499.00, 15, 2548.30),
(70, 64, 27, 3, 799.00, 5, 2277.15),
(71, 65, 26, 2, 999.00, 0, 1998.00),
(72, 66, 25, 1, 2499.00, 20, 1999.20),
(73, 67, 24, 2, 1599.00, 10, 2878.20),
(74, 68, 23, 1, 1799.00, 15, 1529.15),
(75, 69, 22, 3, 1499.00, 10, 4047.30),
(76, 70, 21, 1, 1799.00, 0, 1799.00),
(77, 71, 20, 2, 1299.00, 5, 2468.10),
(78, 72, 19, 3, 1099.00, 15, 2803.35),
(79, 73, 18, 1, 699.00, 10, 629.10),
(80, 74, 17, 2, 699.00, 5, 1328.10),
(81, 75, 16, 3, 650.00, 10, 1755.00),
(82, 76, 15, 1, 450.00, 0, 450.00),
(83, 77, 14, 2, 999.00, 5, 1898.10),
(84, 78, 13, 3, 299.00, 0, 897.00),
(85, 79, 12, 1, 899.00, 10, 809.10),
(86, 80, 11, 2, 299.00, 0, 598.00),
(87, 81, 10, 3, 999.00, 15, 2547.15),
(88, 82, 9, 1, 650.00, 5, 617.50),
(89, 83, 8, 2, 350.00, 0, 700.00),
(90, 84, 7, 3, 799.00, 5, 2277.15),
(91, 85, 6, 1, 250.00, 0, 250.00),
(92, 86, 5, 2, 199.00, 10, 358.20),
(93, 87, 4, 3, 299.00, 0, 897.00),
(94, 88, 3, 1, 1200.00, 5, 1140.00),
(95, 89, 2, 2, 299.00, 0, 598.00),
(96, 90, 1, 3, 499.00, 5, 1422.15),
(97, 91, 60, 2, 699.00, 5, 1328.10),
(98, 92, 59, 1, 299.00, 0, 299.00),
(99, 93, 58, 3, 349.00, 10, 943.20),
(100, 94, 57, 2, 599.00, 0, 1198.00),
(101, 95, 56, 1, 749.00, 15, 636.65),
(102, 96, 55, 2, 899.00, 10, 1618.20),
(103, 97, 54, 1, 999.00, 0, 999.00),
(104, 98, 53, 2, 1599.00, 5, 3038.10),
(105, 99, 52, 3, 1299.00, 10, 3507.30),
(106, 100, 51, 1, 1199.00, 0, 1199.00),
(107, 100, 50, 2, 3499.00, 25, 5248.50),
(108, 99, 49, 1, 2999.00, 20, 2399.20),
(109, 98, 48, 2, 2799.00, 10, 5038.20),
(110, 97, 47, 3, 1999.00, 15, 5097.15),
(111, 96, 46, 2, 999.00, 0, 1998.00),
(112, 95, 45, 1, 2499.00, 10, 2249.10),
(113, 94, 44, 2, 2499.00, 15, 4248.30),
(114, 93, 43, 1, 1899.00, 5, 1804.05),
(115, 92, 42, 2, 1299.00, 0, 2598.00),
(116, 91, 41, 3, 1599.00, 10, 4317.30),
(117, 90, 40, 1, 2499.00, 20, 1999.20),
(118, 89, 39, 2, 1199.00, 10, 2158.20),
(119, 88, 38, 3, 1999.00, 5, 5697.15),
(120, 87, 37, 1, 649.00, 0, 649.00),
(121, 86, 36, 2, 349.00, 10, 628.20),
(122, 85, 35, 3, 899.00, 0, 2697.00),
(123, 84, 34, 1, 499.00, 5, 474.05),
(124, 83, 33, 2, 149.00, 0, 298.00),
(125, 82, 32, 3, 850.00, 10, 2295.00),
(126, 81, 31, 1, 999.00, 0, 999.00),
(127, 80, 30, 2, 3499.00, 25, 5248.50),
(128, 79, 29, 3, 1199.00, 10, 3237.30),
(129, 78, 28, 1, 1499.00, 5, 1424.05),
(130, 77, 27, 2, 799.00, 0, 1598.00),
(131, 76, 26, 3, 999.00, 15, 2547.15),
(132, 75, 25, 1, 2499.00, 20, 1999.20),
(133, 74, 24, 2, 1599.00, 10, 2878.20),
(134, 73, 23, 3, 1799.00, 5, 5127.15),
(135, 72, 22, 1, 1499.00, 0, 1499.00),
(136, 71, 21, 2, 1799.00, 10, 3238.20),
(137, 70, 20, 3, 1299.00, 5, 3702.15),
(138, 69, 19, 1, 1099.00, 10, 989.10),
(139, 68, 18, 2, 699.00, 5, 1328.10),
(140, 67, 17, 3, 699.00, 10, 1887.30),
(141, 66, 16, 1, 650.00, 0, 650.00),
(142, 65, 15, 2, 450.00, 5, 855.00),
(143, 64, 14, 3, 999.00, 10, 2697.30),
(144, 63, 13, 1, 299.00, 0, 299.00),
(145, 62, 12, 2, 899.00, 10, 1618.20),
(146, 61, 11, 3, 299.00, 5, 853.65),
(147, 60, 10, 1, 999.00, 0, 999.00),
(148, 59, 9, 2, 650.00, 10, 1170.00),
(149, 58, 8, 3, 350.00, 0, 1050.00),
(150, 57, 7, 1, 799.00, 15, 679.15),
(151, 56, 6, 2, 250.00, 0, 500.00),
(152, 55, 5, 3, 199.00, 10, 537.30),
(153, 54, 4, 1, 299.00, 0, 299.00),
(154, 53, 3, 2, 1200.00, 5, 2280.00),
(155, 52, 2, 3, 299.00, 0, 897.00),
(156, 51, 1, 1, 499.00, 10, 449.10),
(157, 50, 58, 2, 349.00, 10, 628.20),
(158, 49, 57, 1, 599.00, 5, 569.05),
(159, 48, 56, 3, 749.00, 0, 2247.00),
(160, 47, 55, 2, 899.00, 10, 1618.20),
(161, 46, 54, 1, 999.00, 15, 849.15),
(162, 45, 53, 2, 1599.00, 5, 3038.10),
(163, 44, 52, 1, 1299.00, 0, 1299.00),
(164, 43, 51, 3, 1199.00, 10, 3237.30),
(165, 42, 50, 2, 3499.00, 25, 5248.50),
(166, 41, 49, 1, 2999.00, 20, 2399.20),
(167, 40, 48, 2, 2799.00, 10, 5038.20),
(168, 39, 47, 3, 1999.00, 5, 5697.15),
(169, 38, 46, 1, 999.00, 0, 999.00),
(170, 37, 45, 2, 2499.00, 10, 4498.20),
(171, 36, 44, 3, 2499.00, 15, 6372.15),
(172, 35, 43, 1, 1899.00, 5, 1804.05),
(173, 34, 42, 2, 1299.00, 0, 2598.00),
(174, 33, 41, 3, 1599.00, 10, 4317.30),
(175, 32, 40, 1, 2499.00, 20, 1999.20),
(176, 31, 39, 2, 1199.00, 5, 2278.10),
(177, 30, 38, 3, 1999.00, 10, 5397.30),
(178, 29, 37, 1, 649.00, 0, 649.00),
(179, 28, 36, 2, 349.00, 5, 663.10),
(180, 27, 35, 3, 899.00, 10, 2427.30),
(181, 26, 34, 1, 499.00, 0, 499.00),
(182, 25, 33, 2, 149.00, 0, 298.00),
(183, 24, 32, 3, 850.00, 10, 2295.00),
(184, 23, 31, 1, 999.00, 5, 949.05),
(185, 22, 30, 2, 3499.00, 25, 5248.50),
(186, 21, 29, 3, 1199.00, 10, 3237.30),
(187, 20, 28, 1, 1499.00, 5, 1424.05),
(188, 19, 27, 2, 799.00, 0, 1598.00),
(189, 18, 26, 3, 999.00, 15, 2547.15),
(190, 17, 25, 1, 2499.00, 20, 1999.20),
(191, 16, 24, 2, 1599.00, 10, 2878.20),
(192, 15, 23, 3, 1799.00, 5, 5127.15),
(193, 14, 22, 1, 1499.00, 0, 1499.00),
(194, 13, 21, 2, 1799.00, 10, 3238.20),
(195, 12, 20, 3, 1299.00, 5, 3702.15),
(196, 11, 19, 1, 1099.00, 10, 989.10),
(197, 10, 18, 2, 699.00, 5, 1328.10),
(198, 9, 17, 3, 699.00, 10, 1887.30),
(199, 8, 16, 1, 650.00, 0, 650.00),
(200, 7, 15, 2, 450.00, 5, 855.00);
